https://uk.tommy.com	https://uk.tommy.com	en-GB	asdadas
https://uk.tommy.com	https://fr.tommy.com	fr-FR	asdadas
https://uk.tommy.com	https://de.tommy.com	de-DE	asdadas
https://uk.tommy.com	https://be.tommy.com	nl-BE	asdadas
https://uk.tommy.com	https://be.tommy.com/FR	fr-BE	asdadas
https://uk.tommy.com	https://ch.tommy.com	de-CH	asdadas
https://uk.tommy.com	https://ch.tommy.com/FR	fr-CH	asdadas
https://uk.tommy.com	https://ch.tommy.com/IT	it-CH	asdadas
https://uk.tommy.com	https://at.tommy.com	de-AT	asdadas
https://uk.tommy.com	https://ru.tommy.com	ru-RU	asdadas
https://uk.tommy.com	https://ru.tommy.com/EN	en-RU	asdadas
https://uk.tommy.com	https://it.tommy.com	it-IT	asdadas
https://uk.tommy.com	https://nl.tommy.com	nl-NL	asdadas
https://uk.tommy.com	https://es.tommy.com	es-ES	asdadas
https://uk.tommy.com	https://se.tommy.com	en-SE	asdadas
https://uk.tommy.com	https://hr.tommy.com	en-HR	asdadas
https://uk.tommy.com	https://cz.tommy.com	en-CZ	asdadas
https://uk.tommy.com	https://dk.tommy.com	en-DK	asdadas
https://uk.tommy.com	https://ee.tommy.com	en-EE	asdadas
https://uk.tommy.com	https://fi.tommy.com	en-FI	asdadas
https://uk.tommy.com	https://lt.tommy.com	en-LT	asdadas
https://uk.tommy.com	https://hu.tommy.com	en-HU	asdadas
https://uk.tommy.com	https://ie.tommy.com	en-IE	asdadas
https://uk.tommy.com	https://lv.tommy.com	en-LV	asdadas
https://uk.tommy.com	https://lu.tommy.com	fr-LU	asdadas
https://uk.tommy.com	https://lu.tommy.com/DE	de-LU	asdadas
https://uk.tommy.com	https://pl.tommy.com	pl-PL	asdadas
https://uk.tommy.com	https://pt.tommy.com	en-PT	asdadas
https://uk.tommy.com	https://sk.tommy.com	en-SK	asdadas
https://uk.tommy.com	https://si.tommy.com	en-SI	asdadas
